key,timestamp,usageBool,userID,username,date
-Khd9L0eod2jTo7-ay_Y,513810770,False,ndamji,IFF6xjiYRRRj8WSWiurE9Zp19Wt1,2017-04-13 17:12:50
-Khd9rRCzUlkjNXNcRWs,513810907,True,ndamji,IFF6xjiYRRRj8WSWiurE9Zp19Wt1,2017-04-13 17:15:07
-KhdEA6QcMW8cBP5BD4N,513812036,False,ndamji,IFF6xjiYRRRj8WSWiurE9Zp19Wt1,2017-04-13 17:33:56
-KhdEr__T5AqJvEQuBkP,513812218,True,ndamji,IFF6xjiYRRRj8WSWiurE9Zp19Wt1,2017-04-13 17:36:58
-KhdMl9HzyG2z8P3T_FE,513814289,False,ndamji,IFF6xjiYRRRj8WSWiurE9Zp19Wt1,2017-04-13 18:11:29
-KhgYn4Jh3uWV-CN5k1m,513867774,False,ndamji,IFF6xjiYRRRj8WSWiurE9Zp19Wt1,2017-04-14 09:02:54
-KhgYouiGXoxsFWTrIc2,513867782,False,ndamji,IFF6xjiYRRRj8WSWiurE9Zp19Wt1,2017-04-14 09:03:02
-Khgm2lXeuslwNbJyRM9,513871513,True,ndamji,IFF6xjiYRRRj8WSWiurE9Zp19Wt1,2017-04-14 10:05:13
-Khgm3q29X7S4rDPJTZO,513871517,True,ndamji,IFF6xjiYRRRj8WSWiurE9Zp19Wt1,2017-04-14 10:05:17
-Khgrr_Ct6A-lx5peFSL,513873036,False,ndamji,IFF6xjiYRRRj8WSWiurE9Zp19Wt1,2017-04-14 10:30:36
-Khgs9Z4rUsUPwFWD34E,513873113,True,ndamji,IFF6xjiYRRRj8WSWiurE9Zp19Wt1,2017-04-14 10:31:53
-KhgxXaiazbyfJ2DzfyG,513874523,False,ndamji,IFF6xjiYRRRj8WSWiurE9Zp19Wt1,2017-04-14 10:55:23
-KhgxYpUdEiT8e-JRMGI,513874528,True,ndamji,IFF6xjiYRRRj8WSWiurE9Zp19Wt1,2017-04-14 10:55:28
-Khh17aYdcMkACyUCtjN,513875727,False,ndamji,IFF6xjiYRRRj8WSWiurE9Zp19Wt1,2017-04-14 11:15:27
-Khh19LySfb-TMinxj24,513875734,True,ndamji,IFF6xjiYRRRj8WSWiurE9Zp19Wt1,2017-04-14 11:15:34
-Khh1bgkRYRymtpU_Y-8,513875854,False,ndamji,IFF6xjiYRRRj8WSWiurE9Zp19Wt1,2017-04-14 11:17:34
-Khh1ztw4XommBmvgc18,513875867,True,ndamji,IFF6xjiYRRRj8WSWiurE9Zp19Wt1,2017-04-14 11:17:47
-Khh2-0XH4cbWaYYaWpV,513875952,False,ndamji,IFF6xjiYRRRj8WSWiurE9Zp19Wt1,2017-04-14 11:19:12
-Khh204P4IaN8Ci88wuo,513875954,True,ndamji,IFF6xjiYRRRj8WSWiurE9Zp19Wt1,2017-04-14 11:19:14
-Khhc2FnD5m8zlRsQ2Zj,513885666,False,ndamji,IFF6xjiYRRRj8WSWiurE9Zp19Wt1,2017-04-14 14:01:06
-Khhc2RkuNQe0lS9G09l,513885666,True,ndamji,IFF6xjiYRRRj8WSWiurE9Zp19Wt1,2017-04-14 14:01:06
-KhhpxP-JGDbRXOGHsei,513889310,False,ndamji,IFF6xjiYRRRj8WSWiurE9Zp19Wt1,2017-04-14 15:01:50
-KhhpxP6C4p4DqSLAT0Y,513889313,False,ndamji,IFF6xjiYRRRj8WSWiurE9Zp19Wt1,2017-04-14 15:01:53
-KhiU7usBqdy840YCwhB,513900107,True,ndamji,IFF6xjiYRRRj8WSWiurE9Zp19Wt1,2017-04-14 18:01:47
-KhigVGl3tcgcDNOFATx,513903611,False,ndamji,IFF6xjiYRRRj8WSWiurE9Zp19Wt1,2017-04-14 19:00:11
-Khm1jOD4eHa8ct2ayfL,513959701,True,ndamji,IFF6xjiYRRRj8WSWiurE9Zp19Wt1,2017-04-15 10:35:01
-Khm25BRCtudHwNuq643,513959866,False,ndamji,IFF6xjiYRRRj8WSWiurE9Zp19Wt1,2017-04-15 10:37:46
-Khm26H1vSQIP1e5PC2-,513959867,True,ndamji,IFF6xjiYRRRj8WSWiurE9Zp19Wt1,2017-04-15 10:37:47
-Khm6AeNnR2G2N2KyGAC,513960935,False,ndamji,IFF6xjiYRRRj8WSWiurE9Zp19Wt1,2017-04-15 10:55:35
-Khnuz3evZu0FFo1F3CY,513991238,True,ndamji,IFF6xjiYRRRj8WSWiurE9Zp19Wt1,2017-04-15 19:20:38
-Khnuz3gU4HGz6trHJUI,513991294,True,ndamji,IFF6xjiYRRRj8WSWiurE9Zp19Wt1,2017-04-15 19:21:34
-KhnzCh1D1GpxFjonU9k,513992402,False,ndamji,IFF6xjiYRRRj8WSWiurE9Zp19Wt1,2017-04-15 19:40:02
-KhrOi3ulXAnEgoGpOjB,514049679,True,ndamji,IFF6xjiYRRRj8WSWiurE9Zp19Wt1,2017-04-16 11:34:39
-KhrgA2ie4LpB8sOThvQ,514054517,True,ndamji,IFF6xjiYRRRj8WSWiurE9Zp19Wt1,2017-04-16 12:55:17
-KhrgB09OgYck-keoTil,514054520,False,ndamji,IFF6xjiYRRRj8WSWiurE9Zp19Wt1,2017-04-16 12:55:20
-KhruX38mJlBXBUf4ZqB,514058281,True,ndamji,IFF6xjiYRRRj8WSWiurE9Zp19Wt1,2017-04-16 13:58:01
-KhsN5luhZ0aBcUcASHt,514066036,False,ndamji,IFF6xjiYRRRj8WSWiurE9Zp19Wt1,2017-04-16 16:07:16
-KhsSyQPPkZh9S8LRH9B,514067574,True,ndamji,IFF6xjiYRRRj8WSWiurE9Zp19Wt1,2017-04-16 16:32:54
-KhsvrX3ezLxlilO56A2,514075410,False,ndamji,IFF6xjiYRRRj8WSWiurE9Zp19Wt1,2017-04-16 18:43:30
-KhsvsmHqgrnALTJOBaZ,514075413,False,ndamji,IFF6xjiYRRRj8WSWiurE9Zp19Wt1,2017-04-16 18:43:33
-KhsvtX2iTgce6TD7wBR,514075417,True,ndamji,IFF6xjiYRRRj8WSWiurE9Zp19Wt1,2017-04-16 18:43:37
-KhswkjmRA6RnFJi8fhT,514075645,False,ndamji,IFF6xjiYRRRj8WSWiurE9Zp19Wt1,2017-04-16 18:47:25
-KhswoQBQHbhwTuBXrOF,514075660,True,ndamji,IFF6xjiYRRRj8WSWiurE9Zp19Wt1,2017-04-16 18:47:40
-Khsx3B9rZ3Sh9-s4kI6,514075725,False,ndamji,IFF6xjiYRRRj8WSWiurE9Zp19Wt1,2017-04-16 18:48:45
-Khsx4ZUECFE1_0FIXk0,514075730,True,ndamji,IFF6xjiYRRRj8WSWiurE9Zp19Wt1,2017-04-16 18:48:50
-KhsxhPLsyAhT870dXV4,514075893,False,ndamji,IFF6xjiYRRRj8WSWiurE9Zp19Wt1,2017-04-16 18:51:33
-KhsxiVH1dmW-KAv4UZD,514075897,True,ndamji,IFF6xjiYRRRj8WSWiurE9Zp19Wt1,2017-04-16 18:51:37
-Kht0agiwRssAhg_c3h6,514076914,False,ndamji,IFF6xjiYRRRj8WSWiurE9Zp19Wt1,2017-04-16 19:08:34
-Kht0u1C4V9aJrCy7csD,514076993,True,ndamji,IFF6xjiYRRRj8WSWiurE9Zp19Wt1,2017-04-16 19:09:53
-Kht25Ka3ne19hJb679Z,514077306,False,ndamji,IFF6xjiYRRRj8WSWiurE9Zp19Wt1,2017-04-16 19:15:06
-KhveOSitCtZ4dSNQaro,514121162,True,ndamji,IFF6xjiYRRRj8WSWiurE9Zp19Wt1,2017-04-17 07:26:02
-KhveoL4cfWvf1Qp0mHc,514121273,True,ndamji,IFF6xjiYRRRj8WSWiurE9Zp19Wt1,2017-04-17 07:27:53
-KhvewMZu0gtNqBG-4Xl,514121306,True,ndamji,IFF6xjiYRRRj8WSWiurE9Zp19Wt1,2017-04-17 07:28:26
-Khvh8wtrEQ_5YCmK9h3,514121886,False,ndamji,IFF6xjiYRRRj8WSWiurE9Zp19Wt1,2017-04-17 07:38:06
-Khvi03qX8pYbRpvGUhF,514122111,True,ndamji,IFF6xjiYRRRj8WSWiurE9Zp19Wt1,2017-04-17 07:41:51
-KhvlcXj_ygUQsT5u7k-,514123059,False,ndamji,IFF6xjiYRRRj8WSWiurE9Zp19Wt1,2017-04-17 07:57:39
-Khvle0eZhMx_UJEYQai,514123066,True,ndamji,IFF6xjiYRRRj8WSWiurE9Zp19Wt1,2017-04-17 07:57:46
-Khvmmi0HIcARAshGXRy,514123363,False,ndamji,IFF6xjiYRRRj8WSWiurE9Zp19Wt1,2017-04-17 08:02:43
-KhxesD3eFrIJo7p8jNV,514154842,True,ndamji,IFF6xjiYRRRj8WSWiurE9Zp19Wt1,2017-04-17 16:47:22
-Khxjei6eMc5WAeDoSyn,514156098,False,ndamji,IFF6xjiYRRRj8WSWiurE9Zp19Wt1,2017-04-17 17:08:18
-KhxlF5ezvpvfdSXQZ7x,514156513,True,ndamji,IFF6xjiYRRRj8WSWiurE9Zp19Wt1,2017-04-17 17:15:13
-KhxpJt3kHj6SVnUyAFM,514157581,False,ndamji,IFF6xjiYRRRj8WSWiurE9Zp19Wt1,2017-04-17 17:33:01
-KhxpaKr5SWTp1F1mzje,514157653,True,ndamji,IFF6xjiYRRRj8WSWiurE9Zp19Wt1,2017-04-17 17:34:13
-Khxq2JPPNxAkEPWx4k1,514157772,False,ndamji,IFF6xjiYRRRj8WSWiurE9Zp19Wt1,2017-04-17 17:36:12
-Ki-a8RHYDbULKrp1A6g,514203934,True,ndamji,IFF6xjiYRRRj8WSWiurE9Zp19Wt1,2017-04-18 06:25:34
-Ki-jAn7WrZZKUnGAKqH,514206303,False,ndamji,IFF6xjiYRRRj8WSWiurE9Zp19Wt1,2017-04-18 07:05:03
-Ki-nfl16dt5tfhzu92h,514207483,False,ndamji,IFF6xjiYRRRj8WSWiurE9Zp19Wt1,2017-04-18 07:24:43
-Ki12AzKoZWPbF8pRAWr,514228325,False,ndamji,IFF6xjiYRRRj8WSWiurE9Zp19Wt1,2017-04-18 13:12:05
-Ki12CRzosyC5h7EuLSr,514228331,False,ndamji,IFF6xjiYRRRj8WSWiurE9Zp19Wt1,2017-04-18 13:12:11
-Ki14TT0AWh6KxofM207,514228925,True,ndamji,IFF6xjiYRRRj8WSWiurE9Zp19Wt1,2017-04-18 13:22:05
-Ki1AQmHqV47a5LFPhJZ,514230487,True,ndamji,IFF6xjiYRRRj8WSWiurE9Zp19Wt1,2017-04-18 13:48:07
-Ki1AYp25YKUNIIeNqpN,514230519,False,ndamji,IFF6xjiYRRRj8WSWiurE9Zp19Wt1,2017-04-18 13:48:39
-Ki1f58Svn6dN4B4zQtU,514238786,True,ndamji,IFF6xjiYRRRj8WSWiurE9Zp19Wt1,2017-04-18 16:06:26
-Ki1y4__Fwbs7O7urjZS,514243765,True,ndamji,IFF6xjiYRRRj8WSWiurE9Zp19Wt1,2017-04-18 17:29:25
-Ki1yYID6Njh1mCPXuEm,514243886,False,ndamji,IFF6xjiYRRRj8WSWiurE9Zp19Wt1,2017-04-18 17:31:26
-Ki20rUHaomiX7pN0fCp,514244756,True,ndamji,IFF6xjiYRRRj8WSWiurE9Zp19Wt1,2017-04-18 17:45:56
-Ki22qxA4AEPHleOtkXZ,514245277,False,ndamji,IFF6xjiYRRRj8WSWiurE9Zp19Wt1,2017-04-18 17:54:37
-Ki4qAdaGw6RJXN8g_FA,514292020,True,ndamji,IFF6xjiYRRRj8WSWiurE9Zp19Wt1,2017-04-19 06:53:40
-Ki4qFJlCI_hmbgmF9tK,514292026,True,ndamji,IFF6xjiYRRRj8WSWiurE9Zp19Wt1,2017-04-19 06:53:46
-Ki4qQYufYy8iUrUdOCi,514292090,True,ndamji,IFF6xjiYRRRj8WSWiurE9Zp19Wt1,2017-04-19 06:54:50
-Ki4yqXMrwPIc75kH14i,514294297,False,ndamji,IFF6xjiYRRRj8WSWiurE9Zp19Wt1,2017-04-19 07:31:37
-Ki70u3ZAHQhVcwxBy6Z,514328651,True,ndamji,IFF6xjiYRRRj8WSWiurE9Zp19Wt1,2017-04-19 17:04:11
-Ki70uFmhcS7dIX-PxKM,514328653,True,ndamji,IFF6xjiYRRRj8WSWiurE9Zp19Wt1,2017-04-19 17:04:13
-KiA2VgLFxVh-TwTvHyZ,514379387,True,ndamji,IFF6xjiYRRRj8WSWiurE9Zp19Wt1,2017-04-20 07:09:47
-KiA2VgOESCkieItQ7hR,514379405,True,ndamji,eCBixbTOGmdJXXUSguk2we2G7F03,2017-04-20 07:10:05
-KiA2hQM9wVor1wJ0v_G,514379457,False,ndamji,eCBixbTOGmdJXXUSguk2we2G7F03,2017-04-20 07:10:57
-KjTEpo2LgJrSu08Exzu,515775143,True,Nilufar,CvG2NFL7EWQSfN4GNduRH0k49k63,2017-05-06 10:52:23
-KjTMD5ITUMSPMdt1oA1,515777080,False,Nilufar,CvG2NFL7EWQSfN4GNduRH0k49k63,2017-05-06 11:24:40
-KjTMETZSVuf_IJaAu11,515777086,True,Nilufar,CvG2NFL7EWQSfN4GNduRH0k49k63,2017-05-06 11:24:46
-KjTMLJqVAXR3gwmntKf,515777114,False,Nilufar,CvG2NFL7EWQSfN4GNduRH0k49k63,2017-05-06 11:25:14
-Kj_Nh6i4EpTuBzsaeTj,515894910,True,Nilufar,CvG2NFL7EWQSfN4GNduRH0k49k63,2017-05-07 20:08:30
-Kj_VC2B6HZ_N8ygBe9r,515896876,False,Nilufar,CvG2NFL7EWQSfN4GNduRH0k49k63,2017-05-07 20:41:16
-Kj__5NPUGYpQDf5AaLj,515898159,True,Nilufar,CvG2NFL7EWQSfN4GNduRH0k49k63,2017-05-07 21:02:39
-Kj_awI9g6Valh1GGjEl,515898642,False,Nilufar,CvG2NFL7EWQSfN4GNduRH0k49k63,2017-05-07 21:10:42
-KjbllgcypGn3SoXQZN8,515935035,True,Nilufar,CvG2NFL7EWQSfN4GNduRH0k49k63,2017-05-08 07:17:15
-KjblqoIIN-3-ISGKFxY,515935041,True,Nilufar,CvG2NFL7EWQSfN4GNduRH0k49k63,2017-05-08 07:17:21
-Kjbr621krBUfU14B8-_,515936435,False,Nilufar,CvG2NFL7EWQSfN4GNduRH0k49k63,2017-05-08 07:40:35
-Kjdm5z_6gOKbR-zXe7N,515968678,True,Nilufar,CvG2NFL7EWQSfN4GNduRH0k49k63,2017-05-08 16:37:58
-KjdsVzah7xlH1K5C29g,515970358,False,Nilufar,CvG2NFL7EWQSfN4GNduRH0k49k63,2017-05-08 17:05:58
-KjdteK1A-Z6NrKSCw7Q,515970658,True,Nilufar,CvG2NFL7EWQSfN4GNduRH0k49k63,2017-05-08 17:10:58
-Kje03g-tQ11hbkB2PqW,515972600,False,Nilufar,CvG2NFL7EWQSfN4GNduRH0k49k63,2017-05-08 17:43:20
-KjiGOLYokBKHzROzGob,516043986,True,Nilufar,CvG2NFL7EWQSfN4GNduRH0k49k63,2017-05-09 13:33:06
-KjiGTM9L8V8uR6uC9PG,516043993,True,Nilufar,CvG2NFL7EWQSfN4GNduRH0k49k63,2017-05-09 13:33:13
-KjiIDrcuFWUIuSZZyCd,516044470,False,Nilufar,CvG2NFL7EWQSfN4GNduRH0k49k63,2017-05-09 13:41:10
-Kji_TkRG3hnD5YZroCy,516049254,True,Nilufar,CvG2NFL7EWQSfN4GNduRH0k49k63,2017-05-09 15:00:54
-KjiaaRBJQNlha_icUDL,516049547,False,Nilufar,CvG2NFL7EWQSfN4GNduRH0k49k63,2017-05-09 15:05:47
-Kjj5vxZ3W8Kud2iv8LL,516058024,True,Nilufar,CvG2NFL7EWQSfN4GNduRH0k49k63,2017-05-09 17:27:04
-Kjj8p1M5QdaatgM1rEh,516058782,False,Nilufar,CvG2NFL7EWQSfN4GNduRH0k49k63,2017-05-09 17:39:42
-KjjAYhmphcv9yK1HGgV,516059236,True,Nilufar,CvG2NFL7EWQSfN4GNduRH0k49k63,2017-05-09 17:47:16
-KjjDmSPauUN6fjO-THR,516060082,False,Nilufar,CvG2NFL7EWQSfN4GNduRH0k49k63,2017-05-09 18:01:22
-KjoHCFgAt4XVB2QRiY_,516144863,True,Nilufar,CvG2NFL7EWQSfN4GNduRH0k49k63,2017-05-10 17:34:23
-KjoHE-qY5vuU-VZkvYY,516144868,True,Nilufar,CvG2NFL7EWQSfN4GNduRH0k49k63,2017-05-10 17:34:28
-KjrBWqlkZ__pAYtYKU7,516193679,True,Nilufar,CvG2NFL7EWQSfN4GNduRH0k49k63,2017-05-11 07:07:59
-KjrE3FXJKv-3ldbIgZc,516194373,False,Nilufar,CvG2NFL7EWQSfN4GNduRH0k49k63,2017-05-11 07:19:33
-KjrFqjBmAeIYC1kPKrg,516194842,True,Nilufar,CvG2NFL7EWQSfN4GNduRH0k49k63,2017-05-11 07:27:22
-KjrLV1ykbClVzMV4Zts,516196322,False,Nilufar,CvG2NFL7EWQSfN4GNduRH0k49k63,2017-05-11 07:52:02
-KjtFZtzmw6ccsLiElYE,516228322,True,Nilufar,CvG2NFL7EWQSfN4GNduRH0k49k63,2017-05-11 16:45:22
-KjtNdd80tJFctpcVH77,516230440,False,Nilufar,CvG2NFL7EWQSfN4GNduRH0k49k63,2017-05-11 17:20:40
-KjtOztMuf1IUeO6EyMV,516230793,True,Nilufar,CvG2NFL7EWQSfN4GNduRH0k49k63,2017-05-11 17:26:33
-KjtT0anHBzXcNdOt46E,516231848,False,Nilufar,CvG2NFL7EWQSfN4GNduRH0k49k63,2017-05-11 17:44:08
-KjwQuupRXtByCzkWhFc,516281193,True,Nilufar,CvG2NFL7EWQSfN4GNduRH0k49k63,2017-05-12 07:26:33
-KjwQuuq9i-byyHTGc-z,516281622,False,Nilufar,CvG2NFL7EWQSfN4GNduRH0k49k63,2017-05-12 07:33:42
-KjwQuurP4kMsHngHZ7U,516281628,False,Nilufar,CvG2NFL7EWQSfN4GNduRH0k49k63,2017-05-12 07:33:48
-KjwdCVdAkhXcYzIFZ1Z,516285113,True,Nilufar,CvG2NFL7EWQSfN4GNduRH0k49k63,2017-05-12 08:31:53
-KjwgV7TO6Z_FHpf_JOC,516285975,False,Nilufar,CvG2NFL7EWQSfN4GNduRH0k49k63,2017-05-12 08:46:15
-KjwhKao_rrXJQ4Tsq5p,516286194,True,Nilufar,CvG2NFL7EWQSfN4GNduRH0k49k63,2017-05-12 08:49:54
-KjwlNKhJNmefm-I9nbn,516287254,False,Nilufar,CvG2NFL7EWQSfN4GNduRH0k49k63,2017-05-12 09:07:34
-Kjy9OZRb4uNVZtA_9ep,516310590,True,Nilufar,CvG2NFL7EWQSfN4GNduRH0k49k63,2017-05-12 15:36:30
-KjyGLgS2VEUstVQK3u6,516312413,False,Nilufar,CvG2NFL7EWQSfN4GNduRH0k49k63,2017-05-12 16:06:53
-KjyMQUGyG5hqlSRe5-8,516314006,True,Nilufar,CvG2NFL7EWQSfN4GNduRH0k49k63,2017-05-12 16:33:26
-KjyQodV8r47aSiGkVBJ,516315157,False,Nilufar,CvG2NFL7EWQSfN4GNduRH0k49k63,2017-05-12 16:52:37
-KjyQqW2MROM3sjvofCz,516315165,True,Nilufar,CvG2NFL7EWQSfN4GNduRH0k49k63,2017-05-12 16:52:45
-KjyRNQ5Et-60ORED-ht,516315304,False,Nilufar,CvG2NFL7EWQSfN4GNduRH0k49k63,2017-05-12 16:55:04
-Kk0vTSdNIWPjpRVOe4c,516373784,True,Nilufar,CvG2NFL7EWQSfN4GNduRH0k49k63,2017-05-13 09:09:44
-Kk0x-3yeaNmBhMVIQFh,516374186,True,Nilufar,CvG2NFL7EWQSfN4GNduRH0k49k63,2017-05-13 09:16:26
-Kk0x-4hJjWvzrC-aZAx,516374187,False,Nilufar,CvG2NFL7EWQSfN4GNduRH0k49k63,2017-05-13 09:16:27
-Kk27mxeQQXm-mGdrvXW,516394056,True,Nilufar,CvG2NFL7EWQSfN4GNduRH0k49k63,2017-05-13 14:47:36
-Kk2DwGg94BTrcSM1Eo1,516395667,False,Nilufar,CvG2NFL7EWQSfN4GNduRH0k49k63,2017-05-13 15:14:27
-Kk2Eq-iBun2oKShNwWC,516395903,True,Nilufar,CvG2NFL7EWQSfN4GNduRH0k49k63,2017-05-13 15:18:23
-Kk2G_rkPa0LuX70Amof,516396362,False,Nilufar,CvG2NFL7EWQSfN4GNduRH0k49k63,2017-05-13 15:26:02
-Kk2GbnNHibi3_rF3nxr,516396369,True,Nilufar,CvG2NFL7EWQSfN4GNduRH0k49k63,2017-05-13 15:26:09
-Kk2GjAS6IahISzAloz5,516396400,False,Nilufar,CvG2NFL7EWQSfN4GNduRH0k49k63,2017-05-13 15:26:40
-Kk7CmEkHJ5PaS7EgWx2,516479215,True,Nilufar,CvG2NFL7EWQSfN4GNduRH0k49k63,2017-05-14 14:26:55
-Kk7CmEoaNScBI8kRZ04,516479246,False,Nilufar,CvG2NFL7EWQSfN4GNduRH0k49k63,2017-05-14 14:27:26
-Kk7CmEyvXCiQsPldAzG,516479250,False,Nilufar,CvG2NFL7EWQSfN4GNduRH0k49k63,2017-05-14 14:27:30
-Kk7RzuBvgUVPtC8sPrK,516483230,True,Nilufar,CvG2NFL7EWQSfN4GNduRH0k49k63,2017-05-14 15:33:50
-Kk7STTMqMxl65WM1t_x,516483363,False,Nilufar,CvG2NFL7EWQSfN4GNduRH0k49k63,2017-05-14 15:36:03
-KkAnLZ9_bun-OG-MH81,516539430,True,Nilufar,CvG2NFL7EWQSfN4GNduRH0k49k63,2017-05-15 07:10:30
-KkAvH7B_oKv9nZDuDd7,516541509,False,Nilufar,CvG2NFL7EWQSfN4GNduRH0k49k63,2017-05-15 07:45:09
-KkCv2Io2itTo17kwPXn,516575002,True,Nilufar,CvG2NFL7EWQSfN4GNduRH0k49k63,2017-05-15 17:03:22
-KkD1cF-oCaABYIGbe0W,516576988,False,Nilufar,CvG2NFL7EWQSfN4GNduRH0k49k63,2017-05-15 17:36:28
-KkFyI99pbbiM8yDWCL9,516626178,True,Nilufar,CvG2NFL7EWQSfN4GNduRH0k49k63,2017-05-16 07:16:18
-KkFyI9BaWlhroKakt6m,516626185,True,Nilufar,CvG2NFL7EWQSfN4GNduRH0k49k63,2017-05-16 07:16:25
-KkG39BJGXJDNctiVs2a,516627721,False,Nilufar,CvG2NFL7EWQSfN4GNduRH0k49k63,2017-05-16 07:42:01
-KkHyZTvcAWLdHs1yJWx,516659810,False,Nilufar,CvG2NFL7EWQSfN4GNduRH0k49k63,2017-05-16 16:36:50
-KkHyZTwJYQvoUMFevb_,516659811,False,Nilufar,CvG2NFL7EWQSfN4GNduRH0k49k63,2017-05-16 16:36:51
-KkHybUsz0ShvHf6nhWb,516659823,True,Nilufar,CvG2NFL7EWQSfN4GNduRH0k49k63,2017-05-16 16:37:03
-KkI3SF0TkSvyXwCCZ9m,516661354,False,Nilufar,CvG2NFL7EWQSfN4GNduRH0k49k63,2017-05-16 17:02:34
-KkI3obOPgnXCsQQ8gtQ,516661450,True,Nilufar,CvG2NFL7EWQSfN4GNduRH0k49k63,2017-05-16 17:04:10
-KkI7oObjanMITbHndW0,516662497,False,Nilufar,CvG2NFL7EWQSfN4GNduRH0k49k63,2017-05-16 17:21:37
-KkI8eWYGFeCod70yw2m,516662719,True,Nilufar,CvG2NFL7EWQSfN4GNduRH0k49k63,2017-05-16 17:25:19
-KkIDd_rwd8z__XavrVS,516664026,False,Nilufar,CvG2NFL7EWQSfN4GNduRH0k49k63,2017-05-16 17:47:06
-KkL9Md5XitcoEWNny4n,516713236,False,Nilufar,CvG2NFL7EWQSfN4GNduRH0k49k63,2017-05-17 07:27:16
-KkLAK0dPt7TFyvEEIDB,516713487,True,Nilufar,CvG2NFL7EWQSfN4GNduRH0k49k63,2017-05-17 07:31:27
-KkLHwUQoS30nPLHbbi6,516715483,False,Nilufar,CvG2NFL7EWQSfN4GNduRH0k49k63,2017-05-17 08:04:43
-KkNCFQP5SGO8wSYEkdN,516747546,True,Nilufar,CvG2NFL7EWQSfN4GNduRH0k49k63,2017-05-17 16:59:06
-KkNLXfuMwfD0jSJ7ZjH,516749980,False,Nilufar,CvG2NFL7EWQSfN4GNduRH0k49k63,2017-05-17 17:39:40
-KkNQTYwagCWnJO9fEDN,516751274,True,Nilufar,CvG2NFL7EWQSfN4GNduRH0k49k63,2017-05-17 18:01:14
-KkNXPYfnAA5Shz8vLuo,516753093,False,Nilufar,CvG2NFL7EWQSfN4GNduRH0k49k63,2017-05-17 18:31:33
-KkQFDNcfmA6NpaW6Yis,516798654,True,Nilufar,CvG2NFL7EWQSfN4GNduRH0k49k63,2017-05-18 07:10:54
-KkQFT6KEUO-OuuGueY2,516798702,True,Nilufar,CvG2NFL7EWQSfN4GNduRH0k49k63,2017-05-18 07:11:42
-KkQMQhWmX10tIKlsY0R,516800546,False,Nilufar,CvG2NFL7EWQSfN4GNduRH0k49k63,2017-05-18 07:42:26
-KkSE4POEbA_8ttmP-ts,516831912,True,Nilufar,CvG2NFL7EWQSfN4GNduRH0k49k63,2017-05-18 16:25:12
-KkSMOTSUCBE8B9Nklkj,516834091,False,Nilufar,CvG2NFL7EWQSfN4GNduRH0k49k63,2017-05-18 17:01:31
-KkSPLT2fXi0baLhoTsi,516834865,True,Nilufar,CvG2NFL7EWQSfN4GNduRH0k49k63,2017-05-18 17:14:25
-KkVNunHP7mnm5U11plO,516884820,True,Nilufar,CvG2NFL7EWQSfN4GNduRH0k49k63,2017-05-19 07:07:00
-KkVNunKJ1WkV8plLma4,516884821,True,Nilufar,CvG2NFL7EWQSfN4GNduRH0k49k63,2017-05-19 07:07:01
-KkVQYpAZme1Yvs973Z3,516885514,False,Nilufar,CvG2NFL7EWQSfN4GNduRH0k49k63,2017-05-19 07:18:34
-KkVRjyGD2yeDnTN7HW6,516885826,True,Nilufar,CvG2NFL7EWQSfN4GNduRH0k49k63,2017-05-19 07:23:46
-KkVXVvu7hoiUDFg3bNW,516887337,False,Nilufar,CvG2NFL7EWQSfN4GNduRH0k49k63,2017-05-19 07:48:57
-KkXSBaGYlGUcxC-k0OI,516919497,True,Nilufar,CvG2NFL7EWQSfN4GNduRH0k49k63,2017-05-19 16:44:57
-KkaEMr97bPtFR1RO0NG,516982981,True,Nilufar,CvG2NFL7EWQSfN4GNduRH0k49k63,2017-05-20 10:23:01
-KkaF20chJbS0AeSw0Vq,516983157,True,Nilufar,CvG2NFL7EWQSfN4GNduRH0k49k63,2017-05-20 10:25:57
-KkaIc1bw_-RVvpqRC0J,516984097,False,Nilufar,CvG2NFL7EWQSfN4GNduRH0k49k63,2017-05-20 10:41:37
-KkaPrMKBDxHJhgHgUuM,516985995,True,Nilufar,CvG2NFL7EWQSfN4GNduRH0k49k63,2017-05-20 11:13:15
-KkaSj8ksFrcv5_rpAy9,516986748,False,Nilufar,CvG2NFL7EWQSfN4GNduRH0k49k63,2017-05-20 11:25:48
-Kka_CDcWIlXVJlT90XB,516988706,True,Nilufar,CvG2NFL7EWQSfN4GNduRH0k49k63,2017-05-20 11:58:26
-KkjpYJGyKkCtwNf9NOs,517143983,True,Nilufar,CvG2NFL7EWQSfN4GNduRH0k49k63,2017-05-22 07:06:23
-KkjpYJGyKkCtwNf9NOt,517143986,True,Nilufar,CvG2NFL7EWQSfN4GNduRH0k49k63,2017-05-22 07:06:26
-KkjzD3Q5Q5K3FPR3dHk,517146520,False,Nilufar,CvG2NFL7EWQSfN4GNduRH0k49k63,2017-05-22 07:48:40
-KklwpPGAdmE0EPBpWan,517179449,True,Nilufar,CvG2NFL7EWQSfN4GNduRH0k49k63,2017-05-22 16:57:29
-Kkm5jjMAUjauTboO4S8,517182047,False,Nilufar,CvG2NFL7EWQSfN4GNduRH0k49k63,2017-05-22 17:40:47
-KkmkU2GIlJ0TtizySoK,517192989,True,Nilufar,CvG2NFL7EWQSfN4GNduRH0k49k63,2017-05-22 20:43:09
-KkmrTElYBMUqfm0TqXy,517194821,False,Nilufar,CvG2NFL7EWQSfN4GNduRH0k49k63,2017-05-22 21:13:41
-Kkmu_P8T2BleWaUdJrO,517195636,True,Nilufar,CvG2NFL7EWQSfN4GNduRH0k49k63,2017-05-22 21:27:16
-Kkmuh-ps9sPF_34md0D,517195666,False,Nilufar,CvG2NFL7EWQSfN4GNduRH0k49k63,2017-05-22 21:27:46
-Kkp1Veeiaj2v0-gVYtz,517231269,True,Nilufar,CvG2NFL7EWQSfN4GNduRH0k49k63,2017-05-23 07:21:09
-Kkp4JNYpHfTsvRchlzk,517232005,False,Nilufar,CvG2NFL7EWQSfN4GNduRH0k49k63,2017-05-23 07:33:25
-Kkp5XAIaxH0V8-udI36,517232323,True,Nilufar,CvG2NFL7EWQSfN4GNduRH0k49k63,2017-05-23 07:38:43
-KkpBpgwAz72L6HMBxsM,517233976,False,Nilufar,CvG2NFL7EWQSfN4GNduRH0k49k63,2017-05-23 08:06:16
-KkrGN9oJFPMoUFcUD5a,517268720,True,Nilufar,CvG2NFL7EWQSfN4GNduRH0k49k63,2017-05-23 17:45:20
-KkrMn4BG4GpvSYaQq6R,517270403,False,Nilufar,CvG2NFL7EWQSfN4GNduRH0k49k63,2017-05-23 18:13:23
-KkrzLnxfNDKvr5pKzQr,517280773,True,Nilufar,CvG2NFL7EWQSfN4GNduRH0k49k63,2017-05-23 21:06:13
-Kks4tN0zM5SXJt_qWQu,517282488,False,Nilufar,CvG2NFL7EWQSfN4GNduRH0k49k63,2017-05-23 21:34:48
-KkuASCMsPEdpN3n8dlG,517317501,False,Nilufar,CvG2NFL7EWQSfN4GNduRH0k49k63,2017-05-24 07:18:21
-KkuAVgjNg7dUW82Ptze,517317515,True,Nilufar,CvG2NFL7EWQSfN4GNduRH0k49k63,2017-05-24 07:18:35
-KkuCt-BxnLkTD5qNn5z,517318138,False,Nilufar,CvG2NFL7EWQSfN4GNduRH0k49k63,2017-05-24 07:28:58
-KkuFNMJafGoPvMbGQCF,517318791,True,Nilufar,CvG2NFL7EWQSfN4GNduRH0k49k63,2017-05-24 07:39:51
-KkuKSa3c25Q4d4588S4,517320123,False,Nilufar,CvG2NFL7EWQSfN4GNduRH0k49k63,2017-05-24 08:02:03
-KkwHR4YAk_5B_eR56IU,517352885,True,Nilufar,CvG2NFL7EWQSfN4GNduRH0k49k63,2017-05-24 17:08:05
-KkwP8tgQBJnr-_yiw5Q,517354908,False,Nilufar,CvG2NFL7EWQSfN4GNduRH0k49k63,2017-05-24 17:41:48
-KkzIbY3ZtUcbzz7HkGK,517403521,True,Nilufar,CvG2NFL7EWQSfN4GNduRH0k49k63,2017-05-25 07:12:01
-KkzIfL8onuhgcjHvo1k,517403536,True,Nilufar,CvG2NFL7EWQSfN4GNduRH0k49k63,2017-05-25 07:12:16
-KkzJ9dvrmhEYP7UOUne,517403670,False,Nilufar,CvG2NFL7EWQSfN4GNduRH0k49k63,2017-05-25 07:14:30
-KkzJWNL13kYXl0RTFWX,517403763,True,Nilufar,CvG2NFL7EWQSfN4GNduRH0k49k63,2017-05-25 07:16:03
-KkzJhm_-1L6G9uI2zU_,517403814,True,Nilufar,CvG2NFL7EWQSfN4GNduRH0k49k63,2017-05-25 07:16:54
-KkzTLYymbBtsTyCHyGO,517406340,False,Nilufar,CvG2NFL7EWQSfN4GNduRH0k49k63,2017-05-25 07:59:00
-Kl-eA6dV9APWABE5ZxV,517426216,True,Nilufar,CvG2NFL7EWQSfN4GNduRH0k49k63,2017-05-25 13:30:16
-Kl-erMhlcozBkqHLrQP,517426397,False,Nilufar,CvG2NFL7EWQSfN4GNduRH0k49k63,2017-05-25 13:33:17
-Kl-fiwxmQjtmUtvupGe,517426625,True,Nilufar,CvG2NFL7EWQSfN4GNduRH0k49k63,2017-05-25 13:37:05
-Kl-gvgYW0ZdV7aYRkUi,517426939,False,Nilufar,CvG2NFL7EWQSfN4GNduRH0k49k63,2017-05-25 13:42:19
-Kl0TTMjZlUo5O90_FJ4,517439926,True,Nilufar,CvG2NFL7EWQSfN4GNduRH0k49k63,2017-05-25 17:18:46
-Kl0c0AtPSh7AoFjOxnz,517442428,False,Nilufar,CvG2NFL7EWQSfN4GNduRH0k49k63,2017-05-25 18:00:28
-Kl3QvmsfyyJEG_LgJ0D,517489592,True,Nilufar,CvG2NFL7EWQSfN4GNduRH0k49k63,2017-05-26 07:06:32
-Kl3R70nlwS5vSqXmGkJ,517489642,False,Nilufar,CvG2NFL7EWQSfN4GNduRH0k49k63,2017-05-26 07:07:22
-Kl3TM8vQWVxDwzgRVE1,517490165,True,Nilufar,CvG2NFL7EWQSfN4GNduRH0k49k63,2017-05-26 07:16:05
-Kl3_w_TCaHcvC0Gv5k1,517492216,False,Nilufar,CvG2NFL7EWQSfN4GNduRH0k49k63,2017-05-26 07:50:16
-Kl5UOeQPaxkW2v-nMg-,517524055,True,Nilufar,CvG2NFL7EWQSfN4GNduRH0k49k63,2017-05-26 16:40:55
-Kl5XeRWsSvmNTfyVLpe,517524910,False,Nilufar,CvG2NFL7EWQSfN4GNduRH0k49k63,2017-05-26 16:55:10
-Kl5Y6t5yZfDqkr5DTBO,517525031,True,Nilufar,CvG2NFL7EWQSfN4GNduRH0k49k63,2017-05-26 16:57:11
-Kl5dkwxDCgAOuwdaw1H,517526772,False,Nilufar,CvG2NFL7EWQSfN4GNduRH0k49k63,2017-05-26 17:26:12
-Kl5lkf3ZZC9S7nsNUPa,517528868,True,Nilufar,CvG2NFL7EWQSfN4GNduRH0k49k63,2017-05-26 18:01:08
-Kl5n6pB0ZEpAgu6Xx1w,517529224,False,Nilufar,CvG2NFL7EWQSfN4GNduRH0k49k63,2017-05-26 18:07:04
-Klrxtgs48BrSNVNmqct,518354134,True,Nilufar,CvG2NFL7EWQSfN4GNduRH0k49k63,2017-06-05 07:15:34
-Kls6DXT2zUhRVghztKT,518356579,False,Nilufar,CvG2NFL7EWQSfN4GNduRH0k49k63,2017-06-05 07:56:19
-Klu7oBHFr3ja5lCy5Ew,518390549,True,Nilufar,CvG2NFL7EWQSfN4GNduRH0k49k63,2017-06-05 17:22:29
-KlxWngWo8Gdc243UP51,518447432,True,Nilufar,CvG2NFL7EWQSfN4GNduRH0k49k63,2017-06-06 09:10:32
-KlxWpeLFdgu30g9uBtA,518447437,True,Nilufar,CvG2NFL7EWQSfN4GNduRH0k49k63,2017-06-06 09:10:37
-KlxX4V83DkBze1xUdit,518447506,True,Nilufar,CvG2NFL7EWQSfN4GNduRH0k49k63,2017-06-06 09:11:46
-Klx__Gik8shhhvKbj0m,518448422,False,Nilufar,CvG2NFL7EWQSfN4GNduRH0k49k63,2017-06-06 09:27:02
-KlxoG9nlRUGfin6sUeQ,518452272,True,Nilufar,CvG2NFL7EWQSfN4GNduRH0k49k63,2017-06-06 10:31:12
-KlxrUgYMoc7LGwWwS1Z,518453118,False,Nilufar,CvG2NFL7EWQSfN4GNduRH0k49k63,2017-06-06 10:45:18
-Klxs8sybKJ28ru462vY,518453291,True,Nilufar,CvG2NFL7EWQSfN4GNduRH0k49k63,2017-06-06 10:48:11
-KlxvpzXhouGnD-OkRbd,518454258,False,Nilufar,CvG2NFL7EWQSfN4GNduRH0k49k63,2017-06-06 11:04:18
-KlzM1naOU3bKr2xpUyZ,518478166,True,Nilufar,CvG2NFL7EWQSfN4GNduRH0k49k63,2017-06-06 17:42:46
-KlzW72DsWpySCRwFoUc,518480808,False,Nilufar,CvG2NFL7EWQSfN4GNduRH0k49k63,2017-06-06 18:26:48
-Km1FfyQfUpFdAZ6TjxL,518526831,True,Nilufar,CvG2NFL7EWQSfN4GNduRH0k49k63,2017-06-07 07:13:51
-Km1OHeJMFPiAc3DsQQE,518529086,False,Nilufar,CvG2NFL7EWQSfN4GNduRH0k49k63,2017-06-07 07:51:26
